PLAYER,TEAM,AGE,GP,MIN,SCREEN_ASSISTS,DEFLECTIONS_PER_48,LOOSE_BALLS_RECOVERED,CHARGES_DRAWN,CONTESTED_2PT_SHOTS,CONTESTED_3PT_SHOTS,CONTESTED_SHOTS
Dragan Bender,PHX,20,82,2069,3,1,0.8,0,12.9,7.3,20.2
E'Twaun Moore,NOP,29,82,2586,0.3,2.6,2,0,6.1,3.7,9.8
PJ Tucker,HOU,33,82,2281,2.2,2.8,2.1,0.2,6.7,4.7,11.5
Pat Connaughton,POR,25,82,1488,0.6,1.7,1.6,0,7.9,5,12.9
Patrick Patterson,OKC,29,82,1270,3.1,2.9,1.1,0.1,11.1,4.5,15.6
Patty Mills,SAS,29,82,2107,0.4,2.4,1.7,0.1,2.9,2.9,5.8
Yogi Ferrell,DAL,25,82,2265,0.2,2.5,1.9,0.3,4.2,4.5,8.7
Joe Ingles,UTA,30,82,2579,0.6,3.5,1.6,0,4.2,4.5,8.7
Raymond Felton,OKC,34,82,1365,0.5,3.2,2.1,0.1,5,4.5,9.5
Khris Middleton,MIL,26,82,2982,0.9,3.6,1.7,0.2,4.8,4.8,9.6
Jakob Poeltl,TOR,22,82,1524,7.3,2.6,1.8,0.1,21.9,3.8,25.7
Julius Randle,LAL,23,82,2190,3.6,1.9,2.1,0,10.2,4.8,15
Ish Smith,DET,29,82,2043,0.3,2.7,2.1,0.3,5.4,3.9,9.4
Lance Stephenson,IND,27,82,1850,0.1,2.9,1.7,0,3.1,3.6,6.7
LeBron James,CLE,33,82,3026,1.3,2.8,1.5,0.2,5.2,3.9,9.1
Dillon Brooks,MEM,22,82,2350,0.2,2.9,1.3,0.1,6.1,6.6,12.7
Taj Gibson,MIN,33,82,2726,3.7,1.9,1.6,0,9.2,6.1,15.3
Taurean Prince,ATL,24,82,2464,0.3,2.9,1.8,0.2,6.1,4.4,10.6
Darius Miller,NOP,28,82,1944,0.4,1.6,1.4,0,6.1,4.9,11
Karl-Anthony Towns,MIN,22,82,2918,3.5,1.9,1.9,0.3,15.5,4,19.4
Cory Joseph,IND,26,82,2210,0.5,2.6,1.6,0.1,5.4,6.2,11.6
Marcin Gortat,WAS,34,82,2074,8.4,1.4,1.2,0.5,14,2.9,16.9
Tyus Jones,MIN,22,82,1467,0.3,5.2,2.2,0.2,4.4,5.1,9.5
Andrew Wiggins,MIN,23,82,2979,0.3,2.2,1.4,0,5.7,6.3,11.9
Bradley Beal,WAS,25,82,2977,0.5,2.7,1.5,0.1,5,5.5,10.5
Bismack Biyombo,ORL,25,82,1495,7.1,1.4,1.4,0,15.8,3,18.8
Thaddeus Young,IND,30,81,2607,2,5.4,2.2,0.3,8.7,7,15.7
Will Barton,DEN,27,81,2683,0.1,2.6,1.4,0,5,3.9,8.9
Jordan Clarkson,CLE,26,81,1887,0.4,2.2,1.6,0,6.5,4.8,11.3
Ben Simmons,PHI,21,81,2732,1.1,4.1,2.6,0.1,6.3,5.3,11.6
Kelly Oubre Jr.,WAS,22,81,2231,0.4,4.6,1.5,0.2,6,5,11
Josh Richardson,MIA,24,81,2690,0.3,3.9,1.7,0.1,7.7,4.4,12.1
Jrue Holiday,NOP,28,81,2927,0.6,4.2,2.2,0,6,5.7,11.7
Dejounte Murray,SAS,21,81,1743,0.2,4.6,2.8,0,8.4,5.5,13.9
Pascal Siakam,TOR,24,81,1679,2.3,3.3,2.3,0,9.7,5,14.7
Jerami Grant,OKC,24,81,1647,4,1.5,1.4,0.5,10.4,5.2,15.5
CJ McCollum,POR,26,81,2924,0.4,2.1,1.8,0,5.7,4,9.8
Jamal Murray,DEN,21,81,2565,0.7,3.1,1.9,0.1,6.6,5.1,11.7
Doug McDermott,DAL,26,81,1768,0.4,1.1,1.1,0,4.3,4.6,9
Dwight Howard,CHA,32,81,2463,6.6,2.5,1,0,11.3,2.5,13.8
Aron Baynes,BOS,31,81,1485,6.3,0.8,1.2,0.5,18.6,3.9,22.5
Jae Crowder,UTA,27,80,2090,1.1,2.7,1.2,0,7,5.5,12.5
Jayson Tatum,BOS,20,80,2443,0.7,2.6,1.3,0,5.3,4.7,10
Robert Covington,PHI,27,80,2531,0.6,6,2,0,6.5,5.5,12
Bryn Forbes,SAS,24,80,1517,0.3,1.3,1.4,0,4.7,4,8.6
Buddy Hield,SAC,24,80,2024,0.1,3.6,2.2,0,7.3,5.2,12.5
Marco Belinelli,PHI,32,80,1947,0.4,2.7,1.4,0,3.8,5.2,9
Tobias Harris,LAC,25,80,2668,1.8,2.2,1.6,0,8.5,5.5,14
Bojan Bogdanovic,IND,29,80,2465,0.2,1.7,1.1,0,5.8,5.1,10.9
Jamal Crawford,MIN,38,80,1653,0.1,2.1,1.3,0,1.5,2.2,3.7
Kemba Walker,CHA,28,80,2736,0.3,2.6,1.8,0.4,6,5.2,11.2
Jeremy Lamb,CHA,26,80,1967,0.2,3,1.7,0,4.7,5.9,10.6
DeMar DeRozan,TOR,28,80,2712,0.2,2.5,1.6,0,3.1,2.3,5.4
Nick Young,GSW,33,80,1393,1.1,2.2,1.5,0.1,4.9,4.5,9.4
Russell Westbrook,OKC,29,80,2914,0.2,4.4,2.8,0.1,2.5,2.2,4.7
JR Smith,CLE,32,80,2244,0.9,2.6,1.4,0.1,3.7,4.8,8.5
Terry Rozier,BOS,24,80,2068,0.5,2.8,1.8,0.1,3.5,4,7.5
Spencer Dinwiddie,BKN,25,80,2306,0.8,2.5,1.7,0,5.8,3.5,9.3
Gorgui Dieng,MIN,28,79,1333,4.9,3.8,2.1,0.5,14,5.1,19.1
Anthony Tolliver,DET,33,79,1757,3.2,1.5,1.5,0.5,8.2,5.2,13.4
Paul George,OKC,28,79,2891,0.4,5.1,2.4,0.1,5.4,5.1,10.5
Lou Williams,LAC,31,79,2582,0.4,3,1.7,0.1,3.3,4,7.4
Jusuf Nurkic,POR,23,79,2088,6.8,3,1.6,0,17.8,3.4,21.2
Frank Kaminsky,CHA,25,79,1835,3.4,1.1,1.2,0.1,9.7,5.3,15
Evan Turner,POR,29,79,2034,0.4,1.8,1.4,0,5.6,4.5,10.1
Donovan Mitchell,UTA,21,79,2638,0.2,3.2,1.4,0,5.3,4.2,9.4
Dwight Powell,DAL,26,79,1660,4.8,3.8,2.1,0.2,12.5,7.2,19.7
Troy Daniels,PHX,26,79,1622,0.5,2.1,1.2,0.1,5.1,4.5,9.6
Carmelo Anthony,OKC,34,78,2501,1.2,2,1.1,0,5.7,5,10.7
Ed Davis,POR,29,78,1471,9.1,2,1.5,0,15.4,2.2,17.6
Andre Drummond,DET,24,78,2625,6.7,4.5,1.7,0,13.1,2.8,15.9
Jeff Green,CLE,31,78,1828,1.9,2,1.2,0.2,9.2,6.1,15.3
Kyle Lowry,TOR,32,78,2510,0.9,3.4,1.9,0.7,4.1,3.7,7.8
Joe Harris,BKN,26,78,1975,0.3,1.5,1.5,0,8,4.3,12.3
Bogdan Bogdanovic,SAC,25,78,2175,0.5,3.7,1.4,0,5.5,4.6,10.1
Frank Ntilikina,NYK,19,78,1706,0.3,3.5,1.5,0,6.7,3.9,10.6
Dario Saric,PHI,24,78,2310,1.6,2.1,1.4,0,9.7,5.9,15.6
Marvin Williams,CHA,32,78,2006,2.3,3.2,1.1,0,8.8,4.3,13.1
Ian Mahinmi,WAS,31,77,1145,6.7,3.6,1.6,0.1,14.8,3.9,18.7
Harrison Barnes,DAL,26,77,2622,1.2,1.5,1.8,0,7,5.1,12
Kyle Kuzma,LAL,22,77,2401,1.1,1.5,1,0.1,9.2,4.9,14.2
Dirk Nowitzki,DAL,40,77,1893,4,1.9,0.7,0,10.8,3.1,13.9
Jodie Meeks,WAS,30,77,1119,0.4,2,1.5,0,4.2,4.5,8.6
Josh Jackson,PHX,21,77,1959,0.3,2.9,1.9,0.1,5.6,4.4,10
Wayne Ellington,MIA,30,77,2041,1.1,2,1.5,0,3.9,4.9,8.8
Derrick Favors,UTA,26,77,2153,4.7,2.2,1.3,0,14,4.4,18.4
Denzel Valentine,CHI,24,77,2095,0.2,2.9,2,0,5.3,6.2,11.5
Otto Porter Jr.,WAS,25,77,2432,0.9,4.4,1.8,0,4.8,3.5,8.4
Jonas Valanciunas,TOR,26,77,1727,4.8,1.7,1.4,0.1,21.2,2.4,23.6
Ricky Rubio,UTA,27,77,2254,0.3,4.9,2.4,0.2,4.7,3.6,8.3
Kyle O'Quinn,NYK,28,77,1387,4.4,2.7,1.8,0,17.1,3.8,21
DeAndre Jordan,LAC,29,77,2414,6.1,1.6,1.2,0,9.4,2.5,12
Pau Gasol,SAS,37,77,1812,4.8,0.8,1.1,0.1,18.1,2.4,20.5
Davis Bertans,SAS,25,77,1086,1.5,2.1,0.9,0,13.2,5.4,18.6
Mike Scott,WAS,29,76,1406,2.4,1,1.4,0,7.9,5.1,12.9
Serge Ibaka,TOR,28,76,2093,2.4,1.4,1,0,11.1,4.6,15.7
Fred VanVleet,TOR,24,76,1520,0.6,4,2.3,0.2,4.9,4,8.9
Kelly Olynyk,MIA,27,76,1779,5.5,3.8,1.7,0.4,11.7,4.3,15.9
Courtney Lee,NYK,32,76,2310,0.4,3.1,1.3,0,3.8,4.4,8.1
John Henson,MIL,27,76,1969,4.9,2.7,0.8,0,14.5,3.2,17.7
Steven Adams,OKC,24,76,2487,7.1,3.3,2,0,14.1,5.6,19.7
T.J. McConnell,PHI,26,76,1707,0.4,4.9,2.3,0,4.5,3.3,7.9
Montrezl Harrell,LAC,24,76,1286,4.3,2.5,1.6,0.4,14.7,6.7,21.4
Giannis Antetokounmpo,MIL,23,75,2756,1.9,3.3,2.3,0,8.6,4.8,13.4
Alex Abrines,OKC,24,75,1134,0.2,2.8,1.6,0.1,6.5,6.1,12.6
Victor Oladipo,IND,26,75,2552,0.2,5.3,2.3,0.2,5.7,6.7,12.4
Tony Snell,MIL,26,75,2053,0.4,2.2,1.3,0,5.7,4.3,10
Goran Dragic,MIA,32,75,2378,0.6,2.2,2,0.1,5.7,2.6,8.4
Mario Hezonja,ORL,23,75,1657,0.9,4,1.5,0.1,8.9,5.2,14.1
LaMarcus Aldridge,SAS,32,75,2509,4.6,2.1,1.5,0,14.4,3.7,18.1
D.J. Augustin,ORL,30,75,1760,0.6,1.9,1.6,0.2,2.8,3,5.8
Anthony Davis,NOP,25,75,2727,5.1,3.2,2,0.2,13,5.9,18.9
Nikola Jokic,DEN,23,75,2443,6.3,3.6,1.9,0.2,14,4.5,18.5
Allen Crabbe,BKN,26,75,2197,0.4,2.4,1.4,0,5.7,3.3,9
Michael Beasley,NYK,29,74,1653,2.4,2.9,1.5,0,7.1,4.8,11.9
Jonas Jerebko,UTA,31,74,1134,1.6,1.8,1,0.3,8.6,3.9,12.5
Domantas Sabonis,IND,22,74,1810,7.4,2,1.4,0.1,12.6,3.7,16.3
Clint Capela,HOU,24,74,2034,5.2,1.8,2,0.2,18.1,4.5,22.6
John Collins,ATL,20,74,1785,6.2,2,1.8,0,15.4,4.4,19.8
Kyle Anderson,SAS,24,74,1978,0.8,4.5,1.8,0.1,7.1,3.6,10.7
Brook Lopez,LAL,30,74,1735,4.3,2.1,1,0,20.7,5.1,25.8
Wesley Johnson,LAC,30,74,1475,0.2,4.8,1.2,0,8.5,5,13.5
Thon Maker,MIL,21,74,1238,4.7,2.6,1.8,0,17.8,4.4,22.2
Mason Plumlee,DEN,28,74,1439,5.1,4.2,1.8,0.2,14.2,3.7,17.8
Eric Bledsoe,MIL,28,74,2322,0.7,5.1,2.2,0.1,6.1,4.6,10.7
Jerian Grant,CHI,25,74,1686,0.3,3,1.3,0.1,5,5.9,10.9
OG Anunoby,TOR,20,74,1481,0.3,3.1,1.4,0.1,7.2,5.4,12.5
Kentavious Caldwell-Pope,LAL,25,74,2458,0.1,3.4,2,0.1,3.5,2.7,6.1
Ian Clark,NOP,27,74,1454,0.6,1.7,1.4,0,5,4.1,9
Amir Johnson,PHI,31,74,1170,7.5,3,2.1,0.2,14.3,2.5,16.7
Michael Kidd-Gilchrist,CHA,24,74,1850,0.4,2.1,1.7,0.1,8.5,5.8,14.3
Shabazz Napier,POR,26,74,1536,0.3,4.7,1.8,0.1,4.4,4,8.5
Wilson Chandler,DEN,31,74,2346,0.3,1.5,1.7,0,5.7,4.6,10.3
Jarell Martin,MEM,24,73,1661,1.4,2.3,1.2,0.2,9.7,5.2,14.9
Trey Lyles,DEN,22,73,1391,2.3,1.6,1.3,0.1,10.6,5.5,16.1
Willie Cauley-Stein,SAC,24,73,2044,5.4,3.2,1.7,0.2,10.6,5.3,15.9
James Johnson,MIA,31,73,1943,3.5,3.5,1.7,0,8.5,5.2,13.7
Luke Kennard,DET,22,73,1463,0.2,2.1,1.3,0,4.8,4.9,9.6
Bobby Portis,CHI,23,73,1643,4.1,2.7,1.4,0,7.3,4.1,11.5
Kyle Korver,CLE,37,73,1574,1.8,1.6,1.2,0.1,6.6,5.2,11.8
Lance Thomas,NYK,30,73,1353,1.3,2.3,1,0.2,4.7,4.6,9.3
Dante Cunningham,BKN,31,73,1562,2.2,2.3,1.4,0,10.4,3.7,14
Damian Lillard,POR,27,73,2670,0.2,2.4,2.2,0.1,3.7,2.5,6.2
Semi Ojeleye,BOS,23,73,1150,0.7,1.7,1,0.3,8,5.4,13.4
David West,GSW,37,73,999,5.1,4.5,1.4,0,17,5.5,22.5
Klay Thompson,GSW,28,73,2504,0.6,1.6,1.5,0,5.6,3.6,9.2
Sindarius Thornwell,LAC,23,73,1141,0.3,3.3,1.9,0.2,7.5,5.9,13.4
Tomas Satoransky,WAS,26,73,1643,0.3,3,2,0.1,5.7,4.5,10.2
Marc Gasol,MEM,33,73,2408,5,2.5,1.4,0.2,11.8,2.5,14.3
Markieff Morris,WAS,28,73,1968,2.7,2.4,1.6,0.1,8,3.9,11.9
De'Aaron Fox,SAC,20,73,2026,0.3,2.6,2,0.1,4.7,6.3,11
DeMarre Carroll,BKN,31,73,2180,1,2.7,2.1,0.1,7.9,3.9,11.8
Maxi Kleber,DAL,26,72,1194,3.9,2.3,1.2,0.1,14.2,5.4,19.6
Sam Dekker,LAC,24,72,873,1.1,2.3,2,0,9,4.2,13.1
Corey Brewer,OKC,32,72,1209,0.4,5,2.6,0.4,6.4,6.5,12.9
Justin Holiday,CHI,29,72,2265,0.4,3.4,1.4,0,6.7,5.4,12.1
Tyler Johnson,MIA,26,72,2052,0.5,2.6,1.5,0.1,7.9,4.8,12.8
James Ennis III,DET,27,72,1604,0.4,2.8,1.6,0,5.4,5.4,10.9
James Harden,HOU,28,72,2551,0.5,3.9,1.7,0,6,4.2,10.2
Jarrett Allen,BKN,20,72,1441,5.2,1.9,1.7,0,23.2,3.2,26.3
Al Horford,BOS,32,72,2277,4.1,2,1.2,0,13.3,5.3,18.6
Marquese Chriss,PHX,20,72,1527,3.8,2.1,1.5,0,14.2,5.4,19.6
Kosta Koufos,SAC,29,71,1391,6.8,3,1.2,0,14.6,3.1,17.7
Shaun Livingston,GSW,32,71,1129,1.2,2.4,1.5,0,6.7,4,10.8
Enes Kanter,NYK,26,71,1830,5.3,1.8,1.3,0,13.1,3,16.1
Tyler Ulis,PHX,22,71,1658,0.5,4.1,1.9,0.1,4.2,3.4,7.6
Devin Harris,DEN,35,71,1332,0.2,3.4,2,0.4,3.5,3.8,7.3
Caris LeVert,BKN,23,71,1864,0.4,4.2,1.9,0.2,6.2,5,11.2
Danny Green,SAS,31,70,1791,0.5,3.8,1.3,0.1,10.3,5.4,15.8
David Nwaba,CHI,25,70,1646,0.3,3,2,0,6.4,5.5,11.9
JJ Redick,PHI,34,70,2116,1.2,1.3,1.1,0.1,4.3,3.4,7.7
Draymond Green,GSW,28,70,2287,2.6,4.6,1.3,0.1,11.7,5.8,17.5
Quincy Acy,BKN,27,70,1359,3.8,3.5,1,0.7,11.1,4,15.1
Norman Powell,TOR,25,70,1062,0.4,3.5,1.3,0,4.3,3.8,8
Jeff Teague,MIN,30,70,2311,0.6,3.9,1.8,0.1,3.8,4.2,8
Jaylen Brown,BOS,21,70,2152,0.4,3.1,1.8,0.1,5.2,5.3,10.5
CJ Miles,TOR,31,70,1337,0.5,2.7,1.3,0.2,3.9,4.3,8.2
Stanley Johnson,DET,22,69,1894,0.2,3.8,1.8,0,5,4.1,9
Dennis Smith Jr.,DAL,20,69,2036,0.8,3.5,2.2,0.1,5.4,6.1,11.5
Alex Len,PHX,25,69,1395,9,1.8,1.2,0,19.3,2.7,22
Bam Adebayo,MIA,20,69,1368,7,2.6,1.6,0,11.6,4.5,16.1
Jonathon Simmons,ORL,28,69,2029,0.2,2.8,1.5,0.1,4.2,3.9,8.1
J.J. Barea,DAL,34,69,1597,0.2,1.4,1.6,0.1,2.7,4,6.7
Darren Collison,IND,30,69,2018,0.3,3.8,1.9,0,3,4.6,7.7
Ersan Ilyasova,PHI,31,69,1730,3.5,3.2,1.7,0.9,8.8,4.2,12.9
Al-Farouq Aminu,POR,27,69,2072,2.4,3.6,2,0,9,4.8,13.8
Royce O'Neale,UTA,25,69,1150,0.2,2.8,1.6,0,5.9,4.2,10.1
Zaza Pachulia,GSW,34,69,972,9.3,4.7,1.7,0,14.3,4.9,19.2
Eric Gordon,HOU,29,69,2154,0.4,2.1,1.4,0,3.7,3.7,7.3
Josh Huestis,OKC,26,69,982,0.5,1.4,1.2,0,10.4,5.2,15.6
Delon Wright,TOR,26,69,1433,0.4,4.6,2.1,0.2,6.5,3.7,10.2
Shelvin Mack,ORL,28,69,1365,0.4,3.9,1.9,0.1,5.2,5.7,10.9
Kevin Durant,GSW,29,68,2325,0.8,2,1.4,0.1,8.8,4.7,13.6
Trevor Booker,IND,30,68,1158,5,2.1,1.8,0.1,8.3,5.3,13.6
Lauri Markkanen,CHI,21,68,2020,1.8,1.8,1.2,0,10.2,4.1,14.3
Justise Winslow,MIA,22,68,1680,1.4,2.9,2.3,0,8,5.6,13.6
Justin Jackson,SAC,23,68,1506,0.3,1.2,1.2,0,5.5,4.2,9.7
Rondae Hollis-Jefferson,BKN,23,68,1921,2.8,3.1,1.6,0,10.8,3.7,14.6
Trevor Ariza,HOU,33,67,2269,0.5,4.1,1.5,0,3.7,3.5,7.2
Eric Moreland,DET,26,67,805,7.7,3.5,1.5,0.8,16.5,3.3,19.7
Dwyane Wade,MIA,36,67,1536,0.5,4,1.8,0,5.7,4.9,10.6
Isaiah Taylor,ATL,23,67,1167,0,2.2,1.9,0.1,4.8,5,9.8
Gary Harris,DEN,23,67,2305,0.2,4.2,1.9,0.1,3.5,4.1,7.6
George Hill,CLE,32,67,1812,1,3.2,1.8,0.1,4.9,5.4,10.3
Dennis Schroder,ATL,24,67,2078,0.7,2.6,2.1,0.4,4.2,5.3,9.4
Nemanja Bjelica,MIN,30,67,1371,0.8,3.2,1.3,0.1,9.7,5.9,15.6
Ryan Anderson,HOU,30,66,1725,1.9,1.1,1.2,0.2,8.8,3.8,12.6
Tyler Zeller,MIL,28,66,1108,5.8,1.1,1.1,0.3,19.6,4.1,23.7
Mario Chalmers,MEM,32,66,1421,0.4,4.4,2,0.4,2.9,3,5.9
Zach Collins,POR,20,66,1045,4.1,0.9,0.9,0,14,5.2,19.2
Larry Nance Jr.,CLE,25,66,1421,4.4,5.3,2.2,0.1,11.7,4.2,15.8
Kevon Looney,GSW,22,66,910,3.4,2.5,2.4,0.1,16.1,6.8,22.9
TJ Warren,PHX,24,65,2142,0.2,2.8,1.9,0,4.9,4.4,9.3
JaVale McGee,GSW,30,65,615,5.9,3.6,1.2,0,20.1,5.4,25.4
Garrett Temple,SAC,32,65,1615,0.3,3.6,1.7,0,5,6.2,11.2
Rajon Rondo,NOP,32,65,1705,1,3.7,2.2,0.1,2.5,3.5,6
Manu Ginobili,SAS,40,65,1299,0.5,4.7,1.3,0.6,3.3,2.9,6.2
Kent Bazemore,ATL,28,65,1789,0.7,5,2.1,0,6.2,4,10.2
Myles Turner,IND,22,65,1836,6.8,2.7,1.4,0.1,13.2,3.8,17
Emmanuel Mudiay,NYK,22,64,1244,0.4,2.8,1.6,0,3.7,4.7,8.5
Robin Lopez,CHI,30,64,1690,7.5,0.5,1,0,16.8,3.3,20.1
Nicolas Batum,CHA,29,64,1981,0.4,2.4,1.6,0,5.8,4.4,10.3
Alec Burks,UTA,26,64,1059,0.1,2.4,1.6,0,4.7,3.9,8.6
Brandon Paul,SAS,27,64,576,0.4,3.7,1.4,0.9,4.9,4.8,9.8
Andre Iguodala,GSW,34,64,1622,1.3,2.7,2.2,0,5.1,4.3,9.4
Wesley Matthews,DAL,31,63,2119,0.3,2.8,1.9,0.1,3.8,4.3,8.1
Treveon Graham,CHA,24,63,1050,0.6,2.3,2.4,0.3,5.2,4.8,10
Ekpe Udoh,UTA,31,63,810,8.9,4.2,1.7,0,19.7,4.3,24
Elfrid Payton,PHX,24,63,1809,0.8,3.8,2.6,0,5.5,4.7,10.1
Malik Monk,CHA,20,63,854,0.4,2.3,1.1,0.1,4,3.3,7.3
Josh Hart,LAL,23,63,1461,0.2,2.6,1.4,0.1,10.2,6,16.2
Joel Embiid,PHI,24,63,1912,4.8,1.7,2.1,0,15.2,3.1,18.3
Daniel Theis,BOS,26,63,936,5.5,2.8,1.8,0,16.6,4.3,20.8
Wes Iwundu,ORL,23,62,1020,0.2,2.3,1.4,0.1,5.3,5,10.3
Malik Beasley,DEN,21,62,583,0.1,1.9,2.1,0.2,5.5,3.5,9
Reggie Bullock,DET,27,62,1732,0.4,2.1,1.5,0.1,4.7,4.8,9.5
Deyonta Davis,MEM,21,62,943,6.8,2.3,1,0,14.4,3.2,17.6
Dewayne Dedmon,ATL,28,62,1542,5.4,2.5,1.9,0.1,11.2,5.3,16.5
Jarrett Jack,NYK,34,62,1548,0.5,2,2,0.1,3.3,5,8.2
Luc Mbah a Moute,HOU,31,61,1564,0.9,3.4,1.5,0.1,9.2,4.8,14
Terrance Ferguson,OKC,20,61,763,0.1,2.6,1.6,0,7.1,4.7,11.8
Austin Rivers,LAC,25,61,2048,0.2,2.9,1.6,0.1,4.2,2.7,6.9
Cedi Osman,CLE,23,61,673,0.6,3.7,1.7,0.1,7,4.9,11.9
Rodney Hood,CLE,25,60,1616,0.4,1.9,1.2,0.1,5.3,3.9,9.2
Salah Mejri,DAL,32,60,719,8.9,2.4,2.1,0.7,19.8,4.2,24
Kyrie Irving,BOS,26,60,1931,0.7,2.9,1.8,0.1,4.5,3.3,7.8
Skal Labissiere,SAC,22,60,1240,2.8,1.5,1.8,0.1,11.5,6.6,18.2
Kevin Love,CLE,29,59,1651,2.3,2.2,1.7,0.3,8.4,3.1,11.5
Zach Randolph,SAC,36,59,1508,2.8,2.2,1.3,0,7.1,4.5,11.5
Brandon Ingram,LAL,20,59,1975,0.3,2.5,1.4,0,6.5,6.1,12.6
Jimmy Butler,MIN,28,59,2164,0.5,4.6,2.5,0.2,4.1,4.1,8.2
Maurice Harkless,POR,25,59,1264,0.4,3.4,1.4,0,7.9,4.2,12.1
Tim Frazier,WAS,27,59,838,0.5,3.6,2.1,0.5,4.2,5.4,9.6
Vince Carter,SAC,41,58,1026,1.4,2.9,1.8,0.1,5.4,5.3,10.8
Blake Griffin,DET,29,58,1959,4.1,2,1.4,0.3,8.2,5.5,13.7
Aaron Gordon,ORL,22,58,1909,1.3,2.1,1.8,0.1,6.8,2.6,9.4
Chris Paul,HOU,33,58,1847,0.7,4.5,2.3,0.1,3.5,2.9,6.4
Langston Galloway,DET,26,58,863,0.2,3.1,2,0.1,4.6,4.9,9.5
DeAndre Liggins,NOP,30,58,724,0.1,4.3,2.3,0.5,5.2,3.8,9
Jose Calderon,CLE,36,57,914,1.2,3,2.2,0.3,5,5.1,10.2
Jordan Bell,GSW,23,57,809,5,4,1.7,0,15.5,7.4,22.9
Tim Hardaway Jr.,NYK,26,57,1885,0.3,2.1,1.7,0.3,4.3,5.2,9.5
Patrick McCaw,GSW,22,57,961,0.6,3.6,1.7,0.1,5.5,3.5,9
Rudy Gay,SAS,31,57,1231,1,3.6,2.1,0.1,8.7,5.9,14.6
Evan Fournier,ORL,25,57,1837,0.6,3.2,1.2,0,4.5,3.4,8
Nikola Vucevic,ORL,27,57,1683,6,3,1,0,13.2,2.8,16
Rudy Gobert,UTA,26,56,1816,9.1,2.1,1.1,0,18.9,3.4,22.3
Tyler Dorsey,ATL,22,56,974,0.1,2,1.7,0,4.8,4.6,9.4
Ben McLemore,MEM,25,56,1091,0.2,3.3,1.8,0.1,3.9,4.5,8.4
Andrew Harrison,MEM,23,56,1326,0.4,3.4,1.9,0.4,4.6,5.5,10.1
Tony Parker,SAS,36,55,1071,0.1,1.6,1.5,0,2.8,3.5,6.3
Nikola Mirotic,NOP,27,55,1494,1.5,3,2.2,0.1,10.2,5.9,16.1
Cristiano Felicio,CHI,25,55,977,6.7,1.6,1.4,0,11.1,4.1,15.1
Joe Johnson,HOU,37,55,1205,0.9,1.5,1.5,0,5.3,6,11.3
Joffrey Lauvergne,SAS,26,55,534,7.1,1,1.6,0,11.2,2.2,13.4
JaMychal Green,MEM,28,55,1542,2.2,2.1,1.6,0.1,5.6,4.9,10.5
Miles Plumlee,ATL,29,55,918,8.5,2.1,1.5,0.1,17.4,3.2,20.6
Tyler Ennis,LAL,23,54,683,0.1,2.7,2.2,0.1,6.5,4.4,10.9
Sterling Brown,MIL,23,54,776,0.2,3.2,2.2,0,4.8,5.5,10.3
Devin Booker,PHX,21,54,1865,0.6,1.9,1.7,0.1,4.1,4.5,8.6
Malcolm Delaney,ATL,29,54,1014,0.5,3.4,1,0.6,2.6,4,6.6
Marcus Morris,BOS,28,54,1442,1.7,1.6,1.6,0.1,6.2,4.2,10.4
Hassan Whiteside,MIA,29,54,1364,5.9,2.2,1.8,0,16.3,1.9,18.2
Noah Vonleh,CHI,22,54,876,2.7,1.7,2,0.1,10.5,4.5,15
Shane Larkin,BOS,25,54,775,0,3.5,2.1,0.4,4.3,4.4,8.7
Paul Zipser,CHI,24,54,824,0.8,2.3,1.3,0,9.9,6.1,16
Marcus Smart,BOS,24,54,1614,0.6,4.6,1.1,0.4,5.1,5.3,10.4
Joe Young,IND,26,53,558,0,2.5,2.3,0.2,3.5,4.6,8.2
Mike Muscala,ATL,26,53,1060,3.5,2.2,0.9,0,14.9,6.2,21.1
Tristan Thompson,CLE,27,53,1072,8,1.2,2.2,0,14.4,5.7,20.1
Arron Afflalo,ORL,32,53,682,0.4,0.6,0.8,0,5.6,5,10.6
Omri Casspi,GSW,30,53,742,0.8,2.2,0.8,0,8.7,3.5,12.2
Channing Frye,LAL,35,53,695,4.7,1.7,0.9,0.1,15.5,5,20.5
TJ Leaf,IND,21,53,459,1.7,1,1.2,0,9.8,5.9,15.7
Dwayne Bacon,CHA,22,53,713,0.2,1.2,1.1,0,5.8,6,11.8
Marreese Speights,ORL,30,52,675,3.3,1.1,1,1.4,12,3.9,15.9
Tyreke Evans,MEM,28,52,1607,0.1,2.9,2,0,4,5,9.1
Lonzo Ball,LAL,20,52,1780,0.5,4,1.8,0,6.4,4.4,10.8
Kris Dunn,CHI,24,52,1525,0.3,5.2,2.2,0,6.3,6.3,12.6
Nene,HOU,35,52,758,6.4,4.6,1.6,0.1,11.4,6.2,17.6
Timothe Luwawu-Cabarrot,PHI,23,52,807,0.3,2,1.4,0,7,5.5,12.4
Cheick Diallo,NOP,21,52,581,5.7,1.6,1.5,0,14.3,4,18.3
Frank Mason,SAC,24,52,984,0.2,2.3,2.1,0,2.7,4.9,7.6
Michael Carter-Williams,CHA,26,52,835,0.6,4.3,2.6,0.1,7.9,4.6,12.5
Sean Kilpatrick,CHI,28,52,640,0.3,2.2,1.7,0,3.2,3.2,6.5
Tarik Black,HOU,26,51,537,7.3,3,2.2,0.1,15.2,5.5,20.6
Greg Monroe,BOS,28,51,1041,4.1,3.6,2.1,0.1,13.5,1.8,15.3
Stephen Curry,GSW,30,51,1631,1.1,4.1,2.5,0.1,3.4,3.5,6.9
Jason Terry,MIL,40,51,814,0.7,4,1.4,0.1,4.2,3.5,7.8
Jameer Nelson,DET,36,50,1013,0.5,2.2,1.4,0.2,3.5,4.2,7.7
Luke Babbitt,MIA,29,50,715,2.9,1.1,0.7,0,12.9,7.2,20.1
Lucas Nogueira,TOR,25,49,418,7.1,5.2,1.1,0,23.3,4.2,27.6
Jared Dudley,PHX,32,48,687,2.7,2.9,1.3,0.2,6.3,4.1,10.4
Malcolm Brogdon,MIL,25,48,1436,0.6,1.9,1.7,0,6,4.1,10.1
Richaun Holmes,PHI,24,48,746,4.9,2.6,1.7,0,13.3,4.5,17.8
Kristaps Porzingis,NYK,22,48,1553,3.4,2.2,1.4,0.2,14,6.3,20.3
D'Angelo Russell,BKN,22,48,1234,0.4,3.1,1.8,0,4.4,3.5,7.9
Abdel Nader,BOS,24,48,522,0.6,3,1.7,0,6.4,5.8,12.2
Willy Hernangomez,CHA,24,48,494,7.5,3.9,1.8,0,14.8,4.1,18.9
DeMarcus Cousins,NOP,27,48,1737,3.1,3.6,2.1,0.7,14.1,3.6,17.7
Jawun Evans,LAC,21,47,770,0.4,5.2,1.6,0.3,3.7,4.5,8.2
Tyson Chandler,PHX,35,46,1151,7.6,1.4,1,0,12.1,1.7,13.8
Avery Bradley,LAC,27,46,1433,0.4,3,1.4,0.2,3,4.6,7.7
Reggie Jackson,DET,28,45,1201,0.5,2.3,1.9,0.2,4.1,5.4,9.5
Milos Teodosic,LAC,31,45,1134,0.7,2.4,1.7,0.3,5.7,3.8,9.5
Damyean Dotson,NYK,24,44,474,0.1,1.3,1.6,0,3.7,4.8,8.5
Ivica Zubac,LAL,21,43,410,6.1,1.4,1.4,0,19.8,5.4,25.2
Shabazz Muhammad,MIL,25,43,418,0.3,1.8,1.5,0.2,4.6,4.6,9.2
Khem Birch,ORL,25,42,578,6.5,2.4,1.6,0.2,14.9,4.3,19.3
Willie Reed,DET,28,42,421,4.3,1.9,1.5,1.4,16.2,2.5,18.7
Marcus Georges-Hunt,MIN,24,42,224,0,3,1.3,0.4,2.4,5.8,8.1
Raul Neto,UTA,26,41,498,0.7,1.9,1.8,0.3,8.3,5.9,14.2
Nik Stauskas,BKN,24,41,523,0.1,1.7,1.1,0,7.1,4.3,11.4
John Wall,WAS,27,41,1410,0.1,3.8,1.7,0.1,7.6,2.5,10
Gerald Green,HOU,32,41,929,0.4,2.2,1.8,0.1,6.6,4.7,11.3
Andre Roberson,OKC,26,39,1037,1.4,4.1,2.4,0,9,5.9,14.9
Boban Marjanovic,LAC,29,39,338,7.8,2,0.7,0,20.3,2.3,22.6
Torrey Craig,DEN,27,39,629,0.2,1.3,1.3,0,8.4,5.7,14.1
Tyler Cavanaugh,ATL,24,39,519,6,1.8,1.3,0.4,10.2,4.3,14.4
Jerryd Bayless,PHI,29,39,925,0.1,2.1,1.6,0.1,6,4.5,10.5
Thabo Sefolosha,UTA,34,38,806,0.9,4.9,1.5,0,6.8,5.8,12.6
Paul Millsap,DEN,33,38,1143,1.3,3.5,2.1,0.4,11.4,5.5,17
C.J. Williams,LAC,28,38,707,0.3,3.7,1.8,0,6.3,5.9,12.2
Henry Ellenson,DET,21,38,329,3.6,1.2,0.9,0,10.1,7.6,17.7
Justin Anderson,PHI,24,38,519,0.5,2.4,1.1,0.2,5.5,5.7,11.2
Matthew Dellavedova,MIL,27,38,713,1.5,1.6,1.5,0.3,5.1,5,10.1
Alex Caruso,LAL,24,37,562,0.2,3.9,1.9,0.3,6.7,5,11.7
Johnny O'Bryant III,CHA,25,36,379,4.9,1.6,1.6,0.6,11.1,2.2,13.3
Trey Burke,NYK,25,36,785,0.4,2.2,2.1,0,4,3.7,7.8
Al Jefferson,IND,33,36,484,5,3.2,1.2,0.2,15,2.3,17.3
Chandler Parsons,MEM,29,36,691,0.7,2.4,0.9,0.2,4.2,4,8.2
Ivan Rabb,MEM,21,36,516,5,2.1,1.8,0,10.8,6,16.8
Mike James,NOP,27,36,686,0,3.8,2,0,5.7,3.6,9.3
Wayne Selden,MEM,23,35,691,0.3,2.4,1.6,0,3.8,4.8,8.5
Jake Layman,POR,24,35,160,0.3,1.8,1.5,0,6,2.4,8.4
Meyers Leonard,POR,26,33,254,6.8,1.7,1.1,0,12.1,4.9,17
Jason Smith,WAS,32,33,285,4.9,1,0.7,0.5,9.6,7.1,16.7
Quinn Cook,GSW,25,33,741,0.7,1,1.4,0,3.4,3.5,6.9
Guerschon Yabusele,BOS,22,33,235,3.1,2.2,2.9,0,9.2,4.5,13.7
Cody Zeller,CHA,25,33,627,9.9,1.8,1.5,0.2,11.3,2.1,13.3
Kobi Simmons,MEM,20,32,643,0.4,1.8,1.2,0.4,3.1,3.1,6.3
Ante Zizic,CLE,21,32,214,6.7,0.9,0.4,0,15.5,3.1,18.6
Aaron Brooks,MIN,33,32,189,0.3,2.5,1.8,0.3,4.8,7.6,12.4
Isaiah Thomas,LAL,29,32,862,0.7,1.2,1.8,0.2,5.2,5.1,10.3
Kenneth Faried,DEN,28,32,461,3.5,2.3,1,0.5,10.7,4.8,15.5
Kyle Collinsworth,DAL,26,32,480,0.5,4,2.4,0,8,4.2,12.2
Timofey Mozgov,BKN,31,31,359,5.9,0.9,1.1,0.1,19.7,4,23.7
Dakari Johnson,OKC,22,31,161,6.9,3.6,0.9,0,12.8,5.7,18.5
Jabari Parker,MIL,23,31,743,0.8,2.6,2.3,0,7.2,4.9,12.1
Nerlens Noel,DAL,24,30,465,4.7,6.5,2,0.2,15.1,4,19.1
Dion Waiters,MIA,26,30,918,0.4,2.3,1.2,0,6.6,4.7,11.3
Tyrone Wallace,LAC,24,30,851,0.3,3,2.3,0,7.3,6,13.3
Dwight Buycks,DET,29,29,427,0.3,4.8,0.9,0.2,3.8,5.1,8.9
Ron Baker,NYK,25,29,385,1,6.1,2.2,0,5,3.7,8.7
Rashad Vaughn,ORL,21,28,212,0.2,1.6,1.6,0,5.7,3.4,9.1
Brandan Wright,HOU,30,28,381,7.1,3,1.5,0,16,3.5,19.5
Ramon Sessions,WAS,32,28,392,0.5,2.7,1.7,0,1.8,3.9,5.8
Jahlil Okafor,BKN,22,28,353,4.1,0.4,2,0,20.3,3.5,23.8
Jonathan Isaac,ORL,20,27,535,1.2,5.4,1.8,0.4,13.5,4.2,17.7
Caleb Swanigan,POR,21,27,189,3.8,1,2,0,8.6,5.6,14.2
Emeka Okafor,NOP,35,26,353,3.8,2.3,1.2,0.1,17.8,3,20.8
Malachi Richardson,TOR,22,26,323,0.3,2.5,0.9,0.1,2.7,5.8,8.5
DeAndre' Bembry,ATL,23,26,455,0.2,4.2,1.7,0.1,6,4,10
Juancho Hernangomez,DEN,22,25,277,0.7,2.1,1.4,0.2,9.9,6.6,16.5
Cameron Payne,CHI,23,25,582,0.2,4.4,2.6,0,4.2,6.4,10.6
Alex Poythress,IND,24,25,104,1.8,1.8,1.4,0,7.4,4.6,12
Derrick Rose,MIN,29,25,419,0.6,1.4,1.9,0,6,3.8,9.7
Terrence Ross,ORL,27,24,600,0.2,4.1,1.8,0,5.8,3.8,9.6
Andrew Bogut,LAL,33,24,216,6.9,1.6,0.9,0.4,13.3,2.7,16
Zach LaVine,CHI,23,24,656,0.2,2.8,1.1,0,2.5,3.4,5.9
Ryan Arcidiacono,CHI,24,24,304,0.3,2.8,1.3,0.6,1.9,4.7,6.6
John Holland,CLE,29,24,174,0.6,2.8,2.8,0.6,6.3,4.4,10.8
Quincy Pondexter,CHI,30,23,196,0.7,2.9,1.5,0.2,5.1,4.2,9.3
Glenn Robinson III,IND,24,23,338,0.3,2.6,1.4,0,7.1,5,12.1
Julyan Stone,CHA,29,23,175,0.8,2.7,1.6,0,6.9,4.1,11
Jordan Mickey,MIA,23,23,284,5.1,2.9,1.9,0,13,3.4,16.4
Danuel House,PHX,25,23,403,0.2,1.4,1.2,0,8.9,6.9,15.8
Shaquille Harrison,PHX,24,23,384,0.6,6,2.6,0,7.1,6.1,13.3
Gary Payton II,LAL,25,23,221,0.9,4.3,1.5,0,6.5,4.6,11.1
Tony Allen,NOP,36,22,273,0.5,3.3,2.1,0,4.9,5.3,10.2
D.J. Wilson,MIL,22,22,71,2.7,2,0,0,9.5,6.1,15.5
JaKarr Sampson,SAC,25,22,344,0.8,2.8,1.4,0.1,10.3,6.3,16.6
Davon Reed,PHX,23,21,242,0,3.4,2.2,0.2,5.4,2.6,7.9
Danilo Gallinari,LAC,29,21,660,1.8,2.8,1.3,0.1,7.9,5.3,13.2
Cole Aldrich,MIN,29,21,49,6.9,7.8,1,0,6.9,4.9,11.8
Dorian Finney-Smith,DAL,25,21,448,0.5,2,1.5,0.1,5.9,4.6,10.5
Troy Williams,NYK,23,21,307,0.2,5.6,1.7,0,3.1,4.2,7.3
Derrick Jones Jr.,MIA,21,20,245,0.4,1.6,1.6,0.2,10.2,4.3,14.5
Isaiah Canaan,PHX,27,20,422,0.1,3.5,2.5,0.2,4.3,3.8,8.1
Alec Peters,PHX,23,20,225,1.5,2.1,1.3,0.4,6.6,6,12.6
Myke Henry,MEM,25,20,378,0,5.3,2.4,0,5.3,7.2,12.6
Luke Kornet,NYK,22,20,326,4.1,2.2,0.9,0,18.3,3.4,21.6
Richard Jefferson,DEN,38,20,163,0.9,1.5,1.8,0,5.9,7.1,13
Bobby Brown,HOU,33,20,115,0.8,1.3,0.8,0,1.3,5,6.3
Antonio Blakeney,CHI,21,19,314,0.2,1.8,0.8,0,5.2,6.4,11.6
Darrell Arthur,DEN,30,19,141,2.7,5.4,1.4,0,10.9,3.1,14
Damien Wilkins,IND,38,19,152,0.3,0.9,0.3,0,4.4,4.1,8.5
Chris McCullough,WAS,23,19,90,2.1,0.5,2.1,0,11.2,4.8,16
Isaiah Hicks,NYK,23,18,239,4.2,1.4,0.8,0,11.4,5.6,17.1
Briante Weber,MEM,25,18,237,0.6,5.1,3.2,0.2,2.6,4.9,7.5
Rodney McGruder,MIA,26,18,299,0.2,2.9,1.6,0,4.5,5.6,10.1
Zhou Qi,HOU,22,18,124,2.3,3.1,0.8,0,17.4,5.4,22.8
Josh Magette,ATL,28,18,216,0.4,2.4,2,0.7,7.1,4.7,11.8
Omer Asik,CHI,31,18,182,11.6,0.8,0.5,0,14.2,3.2,17.4
Kadeem Allen,BOS,25,18,107,2.2,3.6,0.9,0,2.7,4,6.7
Travis Wear,LAL,27,17,228,1.7,1.7,1.5,0,10.7,6.7,17.5
Derrick White,SAS,23,17,139,0.7,3.1,1.7,0.3,5.9,8.6,14.5
Brice Johnson,MEM,24,17,93,2.1,5.2,1.5,0,11.9,7.7,19.6
Georgios Papagiannis,POR,20,17,122,7.9,2,1.2,0,20.9,5.5,26.4
Antonius Cleveland,ATL,24,17,123,0,5.9,1.2,0.4,4.7,3.5,8.2
Rodney Purvis,ORL,24,16,290,0.2,2.3,1.2,0,3,4.1,7.1
Isaiah Whitehead,BKN,23,16,180,0,2.4,1.3,0,6.1,6.1,12.3
Jalen Jones,DAL,25,16,181,1.1,3.2,2.1,0.3,4,6.9,10.9
Kay Felder,DET,23,16,140,0,2.7,0.7,0.7,2.7,5.1,7.9
Derrick Walton Jr.,MIA,23,16,147,0,2.6,2.6,0,5.2,3.3,8.5
Damion Lee,ATL,25,15,404,0,3,2.3,0,3.3,5,8.3
Malcolm Miller,TOR,25,15,126,0.8,1.1,2.3,0,6.1,6.5,12.6
Damian Jones,GSW,23,15,89,3.8,1.6,0.5,0,17.3,4.3,21.6
Andrew White III,ATL,25,15,209,0,1.1,2.3,0,3.2,5.5,8.7
Jamil Wilson,LAC,27,15,274,2.5,2.1,1.2,0.4,9.3,5.4,14.7
Thomas Bryant,LAL,20,15,72,4.7,2,2.7,0,15.3,3.3,18.7
Jamel Artis,ORL,25,15,279,0.2,1.7,0.7,0,5.3,3.8,9.1
Nick Collison,OKC,37,15,75,8.3,1.9,1.3,0.6,14.7,1.3,16
Demetrius Jackson,PHI,23,15,80,0,3,1.2,0,4.8,6,10.8
Udonis Haslem,MIA,38,14,72,3.3,0,2.7,1.3,11.3,4,15.3
Lorenzo Brown,TOR,27,14,139,0.3,3.8,0.3,0,3.8,5.5,9.3
Brandon Jennings,MIL,28,14,205,0,2.8,0.9,0,2.8,2.8,5.6
Iman Shumpert,SAC,28,14,276,1,4.7,2.1,0,3.8,4.5,8.3
Furkan Korkmaz,PHI,20,14,80,0,1.8,0.6,0,6,4.2,10.2
Darrun Hilliard,SAS,25,14,95,0,2,0.5,0,7.1,6.6,13.6
Dante Exum,UTA,22,14,235,0.4,2.9,2,0.4,5.7,5.9,11.6
Alfonzo McKinnie,TOR,25,14,53,0,1.8,0,0,6.3,3.6,10
London Perrantes,CLE,23,14,66,0,2.9,0.7,0,3.6,4.4,8
Markelle Fultz,PHI,20,14,253,1.9,3,2.5,0,5.1,5.9,11
Charles Cooke,NOP,23,13,38,0,2.5,1.3,0,6.3,2.5,8.8
Jabari Bird,BOS,23,13,115,0,2.9,1.7,0,3.3,5.4,8.8
Solomon Hill,NOP,27,12,187,1.5,1.3,2.8,0,8.7,4.6,13.3
Mike Conley,MEM,30,12,373,0.8,3.3,1.2,0.4,5,4.8,9.8
Bruno Caboclo,SAC,22,12,106,2.7,2.3,0.9,0,9.5,3.2,12.7
Kyle Singler,OKC,30,12,59,0,2.4,0.8,0,6.5,6.5,13
Ike Anigbogu,IND,19,11,30,4.8,1.6,4.8,0,17.6,3.2,20.8
Patrick Beverley,LAC,29,11,325,0.1,3.7,3.1,0.7,4,3.4,7.4
Johnathan Motley,DAL,23,11,176,4.1,1.4,1.1,0,9.8,3,12.8
Mirza Teletovic,MIL,32,10,159,0.3,0.9,0.6,0.6,8.2,4.8,13
Larry Drew II,NOP,28,10,70,0,0,1.4,0,5.5,4.8,10.3
James Webb III,BKN,24,10,120,2.4,2.4,1.2,0,5.6,2.8,8.4
Milton Doyle,BKN,24,10,125,0,2.3,5,0,5.8,3.8,9.6
Kawhi Leonard,SAS,27,9,210,0.2,5.5,3,0,6.4,5.3,11.7
Jeff Withey,DAL,28,9,35,5.5,0,0,0,16.5,6.9,23.3
Aaron Harrison,DAL,23,9,233,0.2,3.7,1.6,0,6.2,6,12.2
Tony Bradley,UTA,20,9,29,1.7,0,0,0,8.3,18.2,26.5
Georges Niang,UTA,25,9,32,0,3,3,0,7.5,3,10.5
Nigel Hayes,SAC,23,9,122,2,2.8,2,0,7.5,2.8,10.2
Marshall Plumlee,MIL,25,8,52,7.4,4.6,0.9,0,17.5,0.9,18.5
Jon Leuer,DET,29,8,136,4.2,0.4,0,0,7.8,3.2,10.9
Gian Clavell,DAL,24,7,64,0,3.8,1.5,0,3.8,7.5,11.3
Wade Baldwin IV,POR,22,7,80,2.4,3,1.2,0,6,3,9
MarShon Brooks,MEM,29,7,193,0.2,4.5,1.7,0,4,4.5,8.5
Joakim Noah,NYK,33,7,40,4.8,4.8,1.2,0,18,3.6,21.6
Jack Cooley,SAC,27,7,87,9.9,0.6,3.9,0,12.1,5,17.1
Joel Bolomboy,MIL,24,6,38,6.3,2.5,1.3,0,15.2,6.3,21.5
Daniel Hamilton,OKC,22,6,28,0,1.7,1.7,0,3.4,5.1,8.6
Xavier Munford,MIL,26,6,21,0,4.6,4.6,0,6.9,0,6.9
James Young,PHI,22,6,61,0,0.8,0,0,6.3,3.1,9.4
Jaylen Morris,ATL,22,6,98,0,2.9,1.5,0.5,11.8,7.8,19.6
Okaro White,CLE,25,6,80,1.2,1.8,1.2,1.2,9.6,4.2,13.8
Adreian Payne,ORL,27,5,43,2.2,5.6,0,0,6.7,1.1,7.8
Xavier Rathan-Mayes,MEM,24,5,118,0.4,4.1,1.6,0,6.5,6.9,13.4
Nate Wolters,UTA,27,5,19,0,5.1,0,0,2.5,0,2.5
Marcus Paige,CHA,24,5,28,0,0,1.7,0,6.9,1.7,8.6
Josh Gray,PHX,24,5,86,0,5.6,1.1,0,7.3,2.8,10
Alan Williams,PHX,25,5,70,6.2,3.4,0.7,0,4.1,3.4,7.5
Walter Lemon Jr.,NOP,25,5,35,0,0,0,0,9.6,1.4,11
RJ Hunter,HOU,24,5,45,0,6.4,3.2,0,1.1,4.3,5.3
Vander Blue,LAL,25,5,45,1.1,3.2,0,0,5.3,4.3,9.6
Jacob Wiley,BKN,23,5,33,2.9,1.5,1.5,0,11.6,4.4,16
Jordan Crawford,NOP,29,5,53,0,1.8,0.9,0,2.7,2.7,5.4
Vincent Hunter,MEM,23,4,7,0,0,0,0,13.7,13.7,27.4
Nicolas Brussino,ATL,25,4,10,0,4.8,0,0,4.8,4.8,9.6
Markel Brown,HOU,26,4,31,0,3.1,3.1,0,7.7,10.8,18.6
Omari Johnson,MEM,29,4,75,4.5,3.8,1.3,0,5.1,5.8,10.9
Erik McCree,UTA,24,4,8,0,0,12,0,0,0,0
Mangok Mathiang,CHA,25,4,20,4.8,2.4,7.2,0,14.4,0,14.4
Matt Costello,SAS,24,4,32,6,3,0,0,10.5,3,13.5
Jonathan Gibson,BOS,30,4,40,0,1.2,1.2,0,1.2,3.6,4.8
David Stockton,UTA,27,3,9,0,0,0,0,0,16,16
Marquis Teague,MEM,25,3,74,0.6,4.5,1.3,0,3.2,7.8,11
Matt Williams Jr.,MIA,24,3,11,0,8.7,0,0,4.4,0,4.4
James Michael McAdoo,PHI,25,3,18,2.7,0,0,0,18.7,0,18.7
Jarell Eddie,CHI,26,3,9,0,5.3,5.3,0,5.3,5.3,10.7
Monte Morris,DEN,23,3,25,1.9,9.6,7.7,0,5.8,3.8,9.6
Josh Smith,NOP,32,3,12,0,0,0,0,12,4,16
Tim Quarterman,HOU,23,3,13,0,0,0,0,3.7,7.4,11.1
Jameel Warney,DAL,24,3,27,10.7,0,1.8,0,3.6,5.3,8.9
Reggie Hearn,DET,26,3,7,0,0,0,0,6.9,0,6.9
Jacob Pullen,PHI,28,3,6,0,0,0,0,0,16,16
Derrick Williams,LAL,27,2,9,0,0,0,0,5.3,5.3,10.7
Ben Moore,IND,23,2,9,0,0,0,0,5.3,0,5.3
Luis Montero,DET,25,2,8,6,0,0,0,0,12,12
Andre Ingram,LAL,32,2,64,0.8,1.5,1.5,1.5,4.5,6,10.5
Josh McRoberts,DAL,31,2,6,0,0,0,0,0,24,24
Xavier Silas,BOS,30,2,8,0,6,0,0,6,6,12
PJ Dozier,OKC,21,2,3,0,0,0,0,32,0,32
Chinanu Onuaku,HOU,21,1,22,2.2,0,2.2,0,4.4,6.5,10.9
Anthony Brown,MIN,25,1,4,0,0,0,0,12,0,12
Naz Mitrou-Long,UTA,24,1,1,-,-,-,-,-,-,-
Kendrick Perkins,CLE,33,1,15,3.2,6.4,3.2,0,9.6,3.2,12.8
Chris Boucher,GSW,25,1,1,-,-,-,-,-,-,-
Tyler Lydon,DEN,22,1,2,0,0,0,0,0,24,24
Devin Robinson,WAS,23,1,13,0,3.7,0,3.7,7.4,7.4,14.8
Justin Patton,MIN,21,1,4,0,12,0,0,0,0,0
Edmond Sumner,IND,22,1,2,-,-,-,-,-,-,-
Mindaugas Kuzminskas,NYK,28,1,2,-,-,-,-,-,-,-
Luol Deng,LAL,33,1,13,0,3.7,0,0,3.7,14.8,18.5
Trey McKinney-Jones,IND,27,1,1,0,0,0,0,0,0,0
Gordon Hayward,BOS,28,1,5,0,0,9.6,0,0,0,0
Scotty Hopson,DAL,28,1,8,0,6,6,0,6,0,6
Aaron Jackson,HOU,32,1,35,0,5.5,0,0,0,0,0
Jeremy Lin,BKN,29,1,25,0,5.8,0,0,5.8,1.9,7.7
Jeremy Evans,ATL,30,1,5,19.2,0,0,0,0,19.2,19.2
